model,accuracy,precision,recall,f1,roc_auc
best_model_lr_randomsearch.joblib,0.9164,0.9164522397689567,0.9164,0.916397378221781,0.97324364
best_model_lr_final.joblib,0.899,0.899046544788984,0.899,0.8989970547541166,0.96412604
best_model.joblib,0.0108,0.6946016030174447,0.0108,0.021225081205736934,0.38528564
majority_baseline,0.5,0.25,0.5,0.3333333333333333,
